id,json_body,trade_time_int
1,"{""last"":235115,""bid"":235114,""ask"":235131,""high"":235597,""low"":223778,""volume"":""12069.42862467"",""timestamp"":1495241195}",20170520094645
2,"{""last"":235131,""bid"":235119,""ask"":235131,""high"":235597,""low"":223778,""volume"":""12069.24572467"",""timestamp"":1495241206}",20170520094655
3,"{""last"":235300,""bid"":235131,""ask"":235300,""high"":235597,""low"":223778,""volume"":""12062.92943146"",""timestamp"":1495241215}",20170520094705
4,"{""last"":235393,""bid"":235148,""ask"":235393,""high"":235597,""low"":223778,""volume"":""12065.03793146"",""timestamp"":1495241224}",20170520094715
5,"{""last"":235399,""bid"":235394,""ask"":235399,""high"":235597,""low"":223778,""volume"":""12068.35513146"",""timestamp"":1495241235}",20170520094725
6,"{""last"":235397,""bid"":235395,""ask"":235397,""high"":235597,""low"":223778,""volume"":""12069.13623146"",""timestamp"":1495241244}",20170520094735
7,"{""last"":235522,""bid"":235486,""ask"":235668,""high"":235885,""low"":223778,""volume"":""12090.43590063"",""timestamp"":1495241257}",20170520094745
8,"{""last"":235486,""bid"":235507,""ask"":235660,""high"":235885,""low"":223778,""volume"":""12088.59690063"",""timestamp"":1495241265}",20170520094755
9,"{""last"":235669,""bid"":235507,""ask"":235669,""high"":235885,""low"":223778,""volume"":""12091.10014063"",""timestamp"":1495241274}",20170520094805
10,"{""last"":235676,""bid"":235677,""ask"":235868,""high"":235885,""low"":223778,""volume"":""12090.52029362"",""timestamp"":1495241284}",20170520094815
11,"{""last"":235688,""bid"":235688,""ask"":235815,""high"":235885,""low"":223778,""volume"":""12083.167166"",""timestamp"":1495241297}",20170520094825
12,"{""last"":235816,""bid"":235697,""ask"":235865,""high"":235885,""low"":223778,""volume"":""12081.30890184"",""timestamp"":1495241305}",20170520094836
13,"{""last"":235866,""bid"":235716,""ask"":235866,""high"":235885,""low"":223778,""volume"":""12080.13987167"",""timestamp"":1495241315}",20170520094846
14,"{""last"":235866,""bid"":235730,""ask"":235884,""high"":235885,""low"":223778,""volume"":""12065.87456176"",""timestamp"":1495241325}",20170520094856
15,"{""last"":235742,""bid"":235755,""ask"":235900,""high"":235900,""low"":223778,""volume"":""12068.60986254"",""timestamp"":1495241335}",20170520094906
16,"{""last"":235906,""bid"":235760,""ask"":235906,""high"":235906,""low"":223778,""volume"":""12066.86482254"",""timestamp"":1495241343}",20170520094916
17,"{""last"":235772,""bid"":235792,""ask"":235905,""high"":235906,""low"":223778,""volume"":""12064.1598748"",""timestamp"":1495241354}",20170520094926
18,"{""last"":235772,""bid"":235810,""ask"":235905,""high"":235906,""low"":223778,""volume"":""12058.0594748"",""timestamp"":1495241363}",20170520094936
19,"{""last"":235802,""bid"":235830,""ask"":235904,""high"":235906,""low"":223778,""volume"":""12058.41924871"",""timestamp"":1495241374}",20170520094946
20,"{""last"":235830,""bid"":235850,""ask"":235904,""high"":235906,""low"":223778,""volume"":""12058.00715749"",""timestamp"":1495241383}",20170520094956
21,"{""last"":235954,""bid"":235853,""ask"":235954,""high"":235954,""low"":223778,""volume"":""12058.40594749"",""timestamp"":1495241395}",20170520095006
22,"{""last"":235954,""bid"":235901,""ask"":235954,""high"":235954,""low"":223778,""volume"":""12059.04666749"",""timestamp"":1495241406}",20170520095016
23,"{""last"":235958,""bid"":235901,""ask"":235958,""high"":235958,""low"":223778,""volume"":""12064.21694141"",""timestamp"":1495241416}",20170520095026
24,"{""last"":235904,""bid"":235904,""ask"":235998,""high"":235999,""low"":223778,""volume"":""12064.35014141"",""timestamp"":1495241428}",20170520095036
25,"{""last"":235996,""bid"":235904,""ask"":235996,""high"":235999,""low"":223778,""volume"":""12064.36514141"",""timestamp"":1495241435}",20170520095046
26,"{""last"":236125,""bid"":236125,""ask"":236691,""high"":236125,""low"":223778,""volume"":""12069.77570602"",""timestamp"":1495241448}",20170520095057
27,"{""last"":236002,""bid"":236002,""ask"":236302,""high"":236126,""low"":223778,""volume"":""12061.06774434"",""timestamp"":1495241456}",20170520095107
28,"{""last"":236002,""bid"":236000,""ask"":236002,""high"":236126,""low"":223778,""volume"":""12065.80304434"",""timestamp"":1495241464}",20170520095117
29,"{""last"":236294,""bid"":236003,""ask"":236293,""high"":236302,""low"":223778,""volume"":""12071.38363926"",""timestamp"":1495241476}",20170520095127
30,"{""last"":236007,""bid"":236007,""ask"":236282,""high"":236302,""low"":223778,""volume"":""12070.70038926"",""timestamp"":1495241485}",20170520095137
31,"{""last"":236016,""bid"":236018,""ask"":236269,""high"":236302,""low"":223778,""volume"":""12070.13852637"",""timestamp"":1495241496}",20170520095147
32,"{""last"":236260,""bid"":236078,""ask"":236263,""high"":236302,""low"":223778,""volume"":""12069.96720547"",""timestamp"":1495241504}",20170520095157
33,"{""last"":236265,""bid"":236264,""ask"":236269,""high"":236302,""low"":223778,""volume"":""12072.16185486"",""timestamp"":1495241515}",20170520095207
34,"{""last"":236270,""bid"":236126,""ask"":236270,""high"":236302,""low"":223778,""volume"":""12067.72310825"",""timestamp"":1495241524}",20170520095217
35,"{""last"":236270,""bid"":236201,""ask"":236270,""high"":236302,""low"":223778,""volume"":""12068.35224877"",""timestamp"":1495241537}",20170520095227
36,"{""last"":236302,""bid"":236206,""ask"":236302,""high"":236302,""low"":223778,""volume"":""12068.40919926"",""timestamp"":1495241545}",20170520095237
37,"{""last"":236245,""bid"":236245,""ask"":236301,""high"":236303,""low"":223778,""volume"":""12073.1071244"",""timestamp"":1495241555}",20170520095247
38,"{""last"":236256,""bid"":236245,""ask"":236256,""high"":236303,""low"":223778,""volume"":""12074.6504944"",""timestamp"":1495241565}",20170520095257
39,"{""last"":236258,""bid"":236259,""ask"":236399,""high"":236399,""low"":223778,""volume"":""12074.31396731"",""timestamp"":1495241575}",20170520095307
40,"{""last"":236900,""bid"":236863,""ask"":236900,""high"":236900,""low"":223778,""volume"":""12078.71559402"",""timestamp"":1495241584}",20170520095317
41,"{""last"":236724,""bid"":236727,""ask"":236900,""high"":236900,""low"":223778,""volume"":""12085.82236128"",""timestamp"":1495241594}",20170520095328
42,"{""last"":236899,""bid"":236747,""ask"":236899,""high"":236900,""low"":223778,""volume"":""12087.86783419"",""timestamp"":1495241606}",20170520095338
43,"{""last"":236763,""bid"":236764,""ask"":236900,""high"":236900,""low"":223778,""volume"":""12092.94289575"",""timestamp"":1495241617}",20170520095348
44,"{""last"":236900,""bid"":236774,""ask"":236900,""high"":236900,""low"":223778,""volume"":""12094.84337784"",""timestamp"":1495241626}",20170520095358
45,"{""last"":236776,""bid"":236777,""ask"":236900,""high"":236900,""low"":223778,""volume"":""12098.06538266"",""timestamp"":1495241634}",20170520095408
46,"{""last"":236895,""bid"":236776,""ask"":236895,""high"":236900,""low"":223778,""volume"":""12084.43659316"",""timestamp"":1495241644}",20170520095418
47,"{""last"":236899,""bid"":236895,""ask"":236899,""high"":236900,""low"":223778,""volume"":""12073.26279069"",""timestamp"":1495241654}",20170520095428
48,"{""last"":236478,""bid"":236400,""ask"":236477,""high"":236900,""low"":223778,""volume"":""12108.9108815"",""timestamp"":1495241666}",20170520095438
49,"{""last"":236413,""bid"":236413,""ask"":236596,""high"":236900,""low"":223778,""volume"":""12116.17951052"",""timestamp"":1495241674}",20170520095448
50,"{""last"":236804,""bid"":236715,""ask"":236873,""high"":236900,""low"":223778,""volume"":""12120.86667157"",""timestamp"":1495241688}",20170520095458
51,"{""last"":236900,""bid"":236724,""ask"":236900,""high"":236900,""low"":223778,""volume"":""12148.22778085"",""timestamp"":1495241694}",20170520095508
52,"{""last"":236204,""bid"":236430,""ask"":236590,""high"":236900,""low"":223778,""volume"":""12155.60738085"",""timestamp"":1495241705}",20170520095518
53,"{""last"":236803,""bid"":236803,""ask"":236892,""high"":236900,""low"":223778,""volume"":""12165.71920144"",""timestamp"":1495241715}",20170520095528
54,"{""last"":236807,""bid"":236807,""ask"":236889,""high"":236900,""low"":223778,""volume"":""12167.05314159"",""timestamp"":1495241726}",20170520095538
55,"{""last"":236886,""bid"":236804,""ask"":236886,""high"":236900,""low"":223778,""volume"":""12167.17742838"",""timestamp"":1495241735}",20170520095548
56,"{""last"":236884,""bid"":236811,""ask"":236885,""high"":236900,""low"":223778,""volume"":""12166.45078643"",""timestamp"":1495241746}",20170520095559
57,"{""last"":236800,""bid"":236800,""ask"":236880,""high"":236900,""low"":223778,""volume"":""12172.22320253"",""timestamp"":1495241755}",20170520095609
58,"{""last"":236873,""bid"":236873,""ask"":236879,""high"":236900,""low"":223778,""volume"":""12172.40354099"",""timestamp"":1495241764}",20170520095619
59,"{""last"":236801,""bid"":236801,""ask"":236867,""high"":236900,""low"":223778,""volume"":""12173.52579099"",""timestamp"":1495241773}",20170520095629
60,"{""last"":236801,""bid"":236801,""ask"":236879,""high"":236900,""low"":223778,""volume"":""12175.0129167"",""timestamp"":1495241783}",20170520095639
61,"{""last"":236801,""bid"":236802,""ask"":236875,""high"":236900,""low"":223778,""volume"":""12169.94904936"",""timestamp"":1495241794}",20170520095649
62,"{""last"":236876,""bid"":236805,""ask"":236876,""high"":236900,""low"":223778,""volume"":""12168.85608515"",""timestamp"":1495241803}",20170520095659
63,"{""last"":236800,""bid"":236800,""ask"":236875,""high"":236900,""low"":223778,""volume"":""12169.89262785"",""timestamp"":1495241815}",20170520095709
64,"{""last"":236875,""bid"":236801,""ask"":236875,""high"":236900,""low"":223778,""volume"":""12170.45254337"",""timestamp"":1495241824}",20170520095719
65,"{""last"":236678,""bid"":236678,""ask"":236874,""high"":236900,""low"":223778,""volume"":""12175.422355"",""timestamp"":1495241835}",20170520095729
66,"{""last"":236635,""bid"":236636,""ask"":236869,""high"":236900,""low"":223778,""volume"":""12175.554745"",""timestamp"":1495241847}",20170520095739
67,"{""last"":236555,""bid"":236555,""ask"":236598,""high"":236900,""low"":223778,""volume"":""12181.38227848"",""timestamp"":1495241855}",20170520095749
68,"{""last"":236598,""bid"":236558,""ask"":236598,""high"":236900,""low"":223778,""volume"":""12178.70134848"",""timestamp"":1495241866}",20170520095759
69,"{""last"":236596,""bid"":236402,""ask"":236596,""high"":236900,""low"":223778,""volume"":""12206.55653776"",""timestamp"":1495241875}",20170520095809
70,"{""last"":235959,""bid"":236004,""ask"":236587,""high"":236900,""low"":223778,""volume"":""12218.52051011"",""timestamp"":1495241884}",20170520095819
71,"{""last"":236008,""bid"":236008,""ask"":236429,""high"":236900,""low"":223778,""volume"":""12218.44236165"",""timestamp"":1495241894}",20170520095830
72,"{""last"":236419,""bid"":236068,""ask"":236416,""high"":236900,""low"":223778,""volume"":""12219.21516447"",""timestamp"":1495241906}",20170520095840
73,"{""last"":236412,""bid"":236081,""ask"":236409,""high"":236900,""low"":223778,""volume"":""12218.76370217"",""timestamp"":1495241915}",20170520095850
74,"{""last"":236410,""bid"":236414,""ask"":236561,""high"":236900,""low"":223778,""volume"":""12220.95814844"",""timestamp"":1495241925}",20170520095900
75,"{""last"":236610,""bid"":236618,""ask"":236818,""high"":236900,""low"":223778,""volume"":""12222.04413646"",""timestamp"":1495241994}",20170520095910
76,"{""last"":236633,""bid"":236644,""ask"":236824,""high"":236900,""low"":223778,""volume"":""12223.13023646"",""timestamp"":1495242008}",20170520100020
77,"{""last"":236650,""bid"":236653,""ask"":236798,""high"":236900,""low"":223778,""volume"":""12223.28275188"",""timestamp"":1495242018}",20170520100030
78,"{""last"":236670,""bid"":236670,""ask"":236795,""high"":236900,""low"":223778,""volume"":""12223.47929411"",""timestamp"":1495242030}",20170520100040
79,"{""last"":236800,""bid"":236678,""ask"":236799,""high"":236900,""low"":223778,""volume"":""12224.64302237"",""timestamp"":1495242038}",20170520100050
80,"{""last"":236800,""bid"":236692,""ask"":236800,""high"":236900,""low"":223778,""volume"":""12225.34204237"",""timestamp"":1495242049}",20170520100100
81,"{""last"":236800,""bid"":236669,""ask"":236800,""high"":236900,""low"":223778,""volume"":""12225.07372185"",""timestamp"":1495242064}",20170520100110
82,"{""last"":236800,""bid"":236669,""ask"":236800,""high"":236900,""low"":223778,""volume"":""12225.07372185"",""timestamp"":1495242064}",20170520100120
83,"{""last"":236804,""bid"":236691,""ask"":236804,""high"":236900,""low"":223778,""volume"":""12227.02329133"",""timestamp"":1495242075}",20170520100131
84,"{""last"":236804,""bid"":236735,""ask"":236803,""high"":236900,""low"":223778,""volume"":""12230.00271244"",""timestamp"":1495242094}",20170520100141
85,"{""last"":236804,""bid"":236735,""ask"":236803,""high"":236900,""low"":223778,""volume"":""12230.00271244"",""timestamp"":1495242094}",20170520100151
86,"{""last"":236802,""bid"":236774,""ask"":236803,""high"":236900,""low"":223778,""volume"":""12224.78074588"",""timestamp"":1495242114}",20170520100201
87,"{""last"":236899,""bid"":236831,""ask"":236895,""high"":236900,""low"":223778,""volume"":""12224.23124238"",""timestamp"":1495242124}",20170520100211
88,"{""last"":236899,""bid"":236831,""ask"":236895,""high"":236900,""low"":223778,""volume"":""12224.23124238"",""timestamp"":1495242124}",20170520100221
89,"{""last"":236829,""bid"":236826,""ask"":236829,""high"":236900,""low"":223778,""volume"":""12225.62629108"",""timestamp"":1495242144}",20170520100231
90,"{""last"":236827,""bid"":236826,""ask"":236828,""high"":236900,""low"":223778,""volume"":""12226.84787608"",""timestamp"":1495242154}",20170520100241
91,"{""last"":236827,""bid"":236826,""ask"":236828,""high"":236900,""low"":223778,""volume"":""12226.84787608"",""timestamp"":1495242154}",20170520100251
92,"{""last"":236828,""bid"":236826,""ask"":236828,""high"":236900,""low"":223778,""volume"":""12226.35802759"",""timestamp"":1495242166}",20170520100301
93,"{""last"":236821,""bid"":236822,""ask"":236826,""high"":236900,""low"":223778,""volume"":""12228.83700934"",""timestamp"":1495242184}",20170520100311
94,"{""last"":236822,""bid"":236822,""ask"":236825,""high"":236900,""low"":223778,""volume"":""12228.98700934"",""timestamp"":1495242194}",20170520100321
95,"{""last"":236824,""bid"":236821,""ask"":236824,""high"":236900,""low"":223778,""volume"":""12229.01778934"",""timestamp"":1495242204}",20170520100331
96,"{""last"":236821,""bid"":236821,""ask"":236823,""high"":236900,""low"":223778,""volume"":""12229.20628934"",""timestamp"":1495242215}",20170520100341
97,"{""last"":236800,""bid"":236455,""ask"":236800,""high"":236900,""low"":223778,""volume"":""12231.7888404"",""timestamp"":1495242224}",20170520100352
98,"{""last"":236800,""bid"":236438,""ask"":236796,""high"":236900,""low"":223778,""volume"":""12228.7888404"",""timestamp"":1495242234}",20170520100402
99,"{""last"":236433,""bid"":236437,""ask"":236792,""high"":236900,""low"":223778,""volume"":""12230.72144976"",""timestamp"":1495242243}",20170520100412
100,"{""last"":236433,""bid"":236452,""ask"":236786,""high"":236900,""low"":223778,""volume"":""12230.27431693"",""timestamp"":1495242254}",20170520100422
101,"{""last"":236433,""bid"":236452,""ask"":236786,""high"":236900,""low"":223778,""volume"":""12230.27431693"",""timestamp"":1495242254}",20170520100432
102,"{""last"":236777,""bid"":236481,""ask"":236777,""high"":236900,""low"":223778,""volume"":""12229.89690302"",""timestamp"":1495242274}",20170520100442
103,"{""last"":236777,""bid"":236497,""ask"":236773,""high"":236900,""low"":223778,""volume"":""12228.20630302"",""timestamp"":1495242283}",20170520100452
104,"{""last"":236515,""bid"":236516,""ask"":236770,""high"":236900,""low"":223778,""volume"":""12223.05654838"",""timestamp"":1495242296}",20170520100502
105,"{""last"":236515,""bid"":236530,""ask"":236765,""high"":236900,""low"":223778,""volume"":""12222.47112598"",""timestamp"":1495242305}",20170520100512
106,"{""last"":236765,""bid"":236546,""ask"":236763,""high"":236900,""low"":223778,""volume"":""12222.39618129"",""timestamp"":1495242315}",20170520100522
107,"{""last"":236765,""bid"":236559,""ask"":236758,""high"":236900,""low"":223778,""volume"":""12222.39618129"",""timestamp"":1495242325}",20170520100532
108,"{""last"":236756,""bid"":236578,""ask"":236756,""high"":236900,""low"":223778,""volume"":""12222.20168207"",""timestamp"":1495242335}",20170520100542
109,"{""last"":236756,""bid"":236596,""ask"":236753,""high"":236900,""low"":223778,""volume"":""12221.48288207"",""timestamp"":1495242346}",20170520100553
110,"{""last"":236750,""bid"":236613,""ask"":236749,""high"":236900,""low"":223778,""volume"":""12210.51561207"",""timestamp"":1495242355}",20170520100603
111,"{""last"":236748,""bid"":236573,""ask"":236742,""high"":236900,""low"":223778,""volume"":""12212.01351207"",""timestamp"":1495242364}",20170520100613
112,"{""last"":236587,""bid"":236566,""ask"":236733,""high"":236900,""low"":223778,""volume"":""12210.93184816"",""timestamp"":1495242376}",20170520100623
113,"{""last"":236452,""bid"":236410,""ask"":236724,""high"":236900,""low"":223778,""volume"":""12210.63884816"",""timestamp"":1495242386}",20170520100633
114,"{""last"":236452,""bid"":236413,""ask"":236713,""high"":236900,""low"":223778,""volume"":""12210.63884816"",""timestamp"":1495242395}",20170520100643
115,"{""last"":236452,""bid"":236413,""ask"":236703,""high"":236900,""low"":223778,""volume"":""12210.39892028"",""timestamp"":1495242404}",20170520100653
116,"{""last"":236413,""bid"":236413,""ask"":236692,""high"":236900,""low"":223778,""volume"":""12210.05982028"",""timestamp"":1495242416}",20170520100703
117,"{""last"":236413,""bid"":236407,""ask"":236681,""high"":236900,""low"":223778,""volume"":""12209.70197028"",""timestamp"":1495242424}",20170520100713
118,"{""last"":236413,""bid"":236407,""ask"":236670,""high"":236900,""low"":223778,""volume"":""12209.40697028"",""timestamp"":1495242434}",20170520100723
119,"{""last"":236666,""bid"":236407,""ask"":236661,""high"":236900,""low"":223778,""volume"":""12206.37324372"",""timestamp"":1495242444}",20170520100733
120,"{""last"":236666,""bid"":236409,""ask"":236591,""high"":236900,""low"":223778,""volume"":""12205.28973606"",""timestamp"":1495242455}",20170520100743
121,"{""last"":236594,""bid"":236418,""ask"":236590,""high"":236900,""low"":223778,""volume"":""12206.72212763"",""timestamp"":1495242465}",20170520100753
122,"{""last"":236444,""bid"":236416,""ask"":236444,""high"":236900,""low"":223778,""volume"":""12207.33066151"",""timestamp"":1495242474}",20170520100803
123,"{""last"":236546,""bid"":236450,""ask"":236547,""high"":236900,""low"":223778,""volume"":""12207.83779163"",""timestamp"":1495242484}",20170520100813
124,"{""last"":236604,""bid"":236454,""ask"":236602,""high"":236900,""low"":223778,""volume"":""12208.2033269"",""timestamp"":1495242495}",20170520100823
125,"{""last"":236543,""bid"":236474,""ask"":236598,""high"":236900,""low"":223778,""volume"":""12207.59838056"",""timestamp"":1495242505}",20170520100834
126,"{""last"":236500,""bid"":236491,""ask"":236500,""high"":236900,""low"":223778,""volume"":""12202.40887868"",""timestamp"":1495242515}",20170520100844
127,"{""last"":236550,""bid"":236503,""ask"":236550,""high"":236900,""low"":223778,""volume"":""12201.56513802"",""timestamp"":1495242526}",20170520100854
128,"{""last"":236506,""bid"":236505,""ask"":236550,""high"":236900,""low"":223778,""volume"":""12201.34458896"",""timestamp"":1495242534}",20170520100904
129,"{""last"":236592,""bid"":236514,""ask"":236600,""high"":236900,""low"":223778,""volume"":""12197.35163896"",""timestamp"":1495242544}",20170520100914
130,"{""last"":236636,""bid"":236533,""ask"":236600,""high"":236900,""low"":223778,""volume"":""12196.44135504"",""timestamp"":1495242555}",20170520100924
131,"{""last"":236545,""bid"":236530,""ask"":236599,""high"":236900,""low"":223778,""volume"":""12196.58885504"",""timestamp"":1495242565}",20170520100934
132,"{""last"":236600,""bid"":236530,""ask"":236599,""high"":236900,""low"":223778,""volume"":""12196.75614504"",""timestamp"":1495242575}",20170520100944
133,"{""last"":236663,""bid"":236551,""ask"":236598,""high"":236900,""low"":223778,""volume"":""12196.44413182"",""timestamp"":1495242585}",20170520100954
134,"{""last"":236598,""bid"":236567,""ask"":236598,""high"":236900,""low"":223778,""volume"":""12196.42916039"",""timestamp"":1495242595}",20170520101004
135,"{""last"":236664,""bid"":236580,""ask"":236655,""high"":236900,""low"":223778,""volume"":""12196.50522877"",""timestamp"":1495242605}",20170520101014
136,"{""last"":236664,""bid"":236595,""ask"":236655,""high"":236900,""low"":223778,""volume"":""12196.21494725"",""timestamp"":1495242615}",20170520101024
137,"{""last"":236596,""bid"":236599,""ask"":236653,""high"":236900,""low"":223778,""volume"":""12196.36244725"",""timestamp"":1495242626}",20170520101034
138,"{""last"":236655,""bid"":236604,""ask"":236655,""high"":236900,""low"":223778,""volume"":""12196.43522799"",""timestamp"":1495242637}",20170520101044
139,"{""last"":236614,""bid"":236621,""ask"":236655,""high"":236900,""low"":223778,""volume"":""12196.0864365"",""timestamp"":1495242646}",20170520101055
140,"{""last"":236655,""bid"":236628,""ask"":236655,""high"":236900,""low"":223778,""volume"":""12196.6864365"",""timestamp"":1495242655}",20170520101105
141,"{""last"":236655,""bid"":236644,""ask"":236655,""high"":236900,""low"":223778,""volume"":""12196.64317219"",""timestamp"":1495242664}",20170520101115
142,"{""last"":236655,""bid"":236653,""ask"":236655,""high"":236900,""low"":223778,""volume"":""12194.64317219"",""timestamp"":1495242674}",20170520101125
143,"{""last"":236651,""bid"":236651,""ask"":236654,""high"":236900,""low"":223778,""volume"":""12197.02677219"",""timestamp"":1495242687}",20170520101135
144,"{""last"":236650,""bid"":236649,""ask"":236654,""high"":236900,""low"":223778,""volume"":""12188.35465493"",""timestamp"":1495242694}",20170520101145
145,"{""last"":236653,""bid"":236646,""ask"":236650,""high"":236900,""low"":223778,""volume"":""12184.54664194"",""timestamp"":1495242705}",20170520101155
146,"{""last"":236646,""bid"":236646,""ask"":236649,""high"":236900,""low"":223778,""volume"":""12182.63268473"",""timestamp"":1495242714}",20170520101205
147,"{""last"":236646,""bid"":236646,""ask"":236647,""high"":236900,""low"":223778,""volume"":""12175.26650228"",""timestamp"":1495242724}",20170520101215
148,"{""last"":236645,""bid"":236645,""ask"":236646,""high"":236900,""low"":223778,""volume"":""12174.62226092"",""timestamp"":1495242739}",20170520101225
149,"{""last"":236646,""bid"":236645,""ask"":236646,""high"":236900,""low"":223778,""volume"":""12168.28276663"",""timestamp"":1495242744}",20170520101235
150,"{""last"":236468,""bid"":236469,""ask"":236646,""high"":236900,""low"":223778,""volume"":""12167.62212663"",""timestamp"":1495242754}",20170520101245
151,"{""last"":236646,""bid"":236481,""ask"":236646,""high"":236900,""low"":223778,""volume"":""12167.82574716"",""timestamp"":1495242764}",20170520101255
152,"{""last"":236492,""bid"":236492,""ask"":236644,""high"":236900,""low"":223778,""volume"":""12168.08774716"",""timestamp"":1495242774}",20170520101305
153,"{""last"":236495,""bid"":236496,""ask"":236646,""high"":236900,""low"":223778,""volume"":""12168.51030782"",""timestamp"":1495242785}",20170520101315
154,"{""last"":236461,""bid"":236461,""ask"":236633,""high"":236900,""low"":223778,""volume"":""12171.9386719"",""timestamp"":1495242795}",20170520101326
155,"{""last"":236616,""bid"":236465,""ask"":236611,""high"":236900,""low"":223778,""volume"":""12172.8084719"",""timestamp"":1495242804}",20170520101336
156,"{""last"":236608,""bid"":236468,""ask"":236605,""high"":236900,""low"":223778,""volume"":""12173.1660219"",""timestamp"":1495242814}",20170520101346
157,"{""last"":236610,""bid"":236475,""ask"":236625,""high"":236900,""low"":223778,""volume"":""12185.83226074"",""timestamp"":1495242824}",20170520101356
158,"{""last"":236615,""bid"":236495,""ask"":236614,""high"":236900,""low"":223778,""volume"":""12185.89523684"",""timestamp"":1495242836}",20170520101406
159,"{""last"":236510,""bid"":236511,""ask"":236613,""high"":236900,""low"":223778,""volume"":""12187.45728284"",""timestamp"":1495242844}",20170520101416
160,"{""last"":236666,""bid"":236741,""ask"":236833,""high"":236900,""low"":223778,""volume"":""12197.16840085"",""timestamp"":1495242854}",20170520101427
161,"{""last"":236832,""bid"":236761,""ask"":236832,""high"":236900,""low"":223778,""volume"":""12197.37520986"",""timestamp"":1495242866}",20170520101437
162,"{""last"":236774,""bid"":236774,""ask"":236833,""high"":236900,""low"":223778,""volume"":""12197.98047355"",""timestamp"":1495242874}",20170520101447
163,"{""last"":236922,""bid"":236950,""ask"":237340,""high"":238888,""low"":223778,""volume"":""12229.83463516"",""timestamp"":1495242884}",20170520101457
164,"{""last"":237391,""bid"":237392,""ask"":237749,""high"":238888,""low"":223778,""volume"":""12237.57776126"",""timestamp"":1495242894}",20170520101507
165,"{""last"":237578,""bid"":237578,""ask"":237734,""high"":238888,""low"":223778,""volume"":""12241.72086126"",""timestamp"":1495242905}",20170520101517
166,"{""last"":237578,""bid"":237578,""ask"":237724,""high"":238888,""low"":223778,""volume"":""12243.68880708"",""timestamp"":1495242915}",20170520101527
167,"{""last"":237708,""bid"":237580,""ask"":237710,""high"":238888,""low"":223778,""volume"":""12244.11970708"",""timestamp"":1495242927}",20170520101538
168,"{""last"":237712,""bid"":237580,""ask"":237712,""high"":238888,""low"":223778,""volume"":""12247.50872237"",""timestamp"":1495242935}",20170520101548
169,"{""last"":238125,""bid"":237750,""ask"":238125,""high"":238888,""low"":223778,""volume"":""12253.18813175"",""timestamp"":1495242945}",20170520101558
170,"{""last"":238150,""bid"":238211,""ask"":238267,""high"":238888,""low"":223778,""volume"":""12259.51308885"",""timestamp"":1495242958}",20170520101608
171,"{""last"":238000,""bid"":238000,""ask"":238256,""high"":238888,""low"":223778,""volume"":""12261.38589643"",""timestamp"":1495242964}",20170520101618
172,"{""last"":238248,""bid"":238000,""ask"":238243,""high"":238888,""low"":223778,""volume"":""12262.97037865"",""timestamp"":1495242976}",20170520101628
173,"{""last"":238000,""bid"":237867,""ask"":237945,""high"":238888,""low"":223778,""volume"":""12262.93929536"",""timestamp"":1495242984}",20170520101638
174,"{""last"":237673,""bid"":237266,""ask"":237673,""high"":238888,""low"":223778,""volume"":""12288.26874103"",""timestamp"":1495242994}",20170520101648
175,"{""last"":237672,""bid"":237315,""ask"":237664,""high"":238888,""low"":223778,""volume"":""12284.57841703"",""timestamp"":1495243005}",20170520101658
176,"{""last"":237335,""bid"":237335,""ask"":237633,""high"":238888,""low"":223778,""volume"":""12282.65029828"",""timestamp"":1495243018}",20170520101708
177,"{""last"":237311,""bid"":237306,""ask"":237311,""high"":238888,""low"":223778,""volume"":""12285.11849828"",""timestamp"":1495243024}",20170520101718
178,"{""last"":237304,""bid"":237315,""ask"":237692,""high"":238888,""low"":223778,""volume"":""12291.59097587"",""timestamp"":1495243034}",20170520101728
179,"{""last"":237290,""bid"":237206,""ask"":237289,""high"":238888,""low"":223778,""volume"":""12308.29508785"",""timestamp"":1495243046}",20170520101738
180,"{""last"":237290,""bid"":237072,""ask"":237290,""high"":238888,""low"":223778,""volume"":""12311.27338142"",""timestamp"":1495243054}",20170520101748
181,"{""last"":237085,""bid"":237088,""ask"":237263,""high"":238888,""low"":223778,""volume"":""12312.99486374"",""timestamp"":1495243064}",20170520101758
182,"{""last"":237085,""bid"":237088,""ask"":237263,""high"":238888,""low"":223778,""volume"":""12312.99486374"",""timestamp"":1495243064}",20170520101808
183,"{""last"":237261,""bid"":237087,""ask"":237261,""high"":238888,""low"":223778,""volume"":""12315.51928174"",""timestamp"":1495243083}",20170520101819
184,"{""last"":237570,""bid"":237158,""ask"":237561,""high"":238888,""low"":223778,""volume"":""12341.2211772"",""timestamp"":1495243143}",20170520101829
185,"{""last"":237533,""bid"":237222,""ask"":237533,""high"":238888,""low"":223778,""volume"":""12341.3865772"",""timestamp"":1495243154}",20170520101927
186,"{""last"":237534,""bid"":237220,""ask"":237533,""high"":238888,""low"":223778,""volume"":""12340.8635772"",""timestamp"":1495243164}",20170520101937
187,"{""last"":237533,""bid"":237240,""ask"":237567,""high"":238888,""low"":223778,""volume"":""12339.7362772"",""timestamp"":1495243174}",20170520101947
188,"{""last"":237567,""bid"":237278,""ask"":237667,""high"":238888,""low"":223778,""volume"":""12339.62187022"",""timestamp"":1495243183}",20170520101957
189,"{""last"":237567,""bid"":237350,""ask"":237745,""high"":238888,""low"":223778,""volume"":""12339.55577022"",""timestamp"":1495243194}",20170520102008
190,"{""last"":237917,""bid"":237576,""ask"":237974,""high"":238888,""low"":223778,""volume"":""12339.67429204"",""timestamp"":1495243206}",20170520102018
191,"{""last"":237641,""bid"":237641,""ask"":237975,""high"":238888,""low"":223778,""volume"":""12336.41233685"",""timestamp"":1495243218}",20170520102028
192,"{""last"":237645,""bid"":237645,""ask"":237956,""high"":238888,""low"":223778,""volume"":""12331.25817057"",""timestamp"":1495243226}",20170520102038
193,"{""last"":237589,""bid"":237589,""ask"":237868,""high"":238888,""low"":223778,""volume"":""12343.58860763"",""timestamp"":1495243237}",20170520102048
194,"{""last"":237512,""bid"":237513,""ask"":237853,""high"":238888,""low"":223778,""volume"":""12346.6364748"",""timestamp"":1495243246}",20170520102058
195,"{""last"":237514,""bid"":237302,""ask"":237832,""high"":238888,""low"":223778,""volume"":""12348.1928748"",""timestamp"":1495243256}",20170520102108
196,"{""last"":237514,""bid"":237305,""ask"":237743,""high"":238888,""low"":223778,""volume"":""12347.77253756"",""timestamp"":1495243264}",20170520102118
197,"{""last"":237406,""bid"":237406,""ask"":237698,""high"":238888,""low"":223778,""volume"":""12346.38974927"",""timestamp"":1495243276}",20170520102128
198,"{""last"":237406,""bid"":237408,""ask"":237681,""high"":238888,""low"":223778,""volume"":""12344.37559927"",""timestamp"":1495243285}",20170520102138
199,"{""last"":237672,""bid"":237500,""ask"":237667,""high"":238888,""low"":223778,""volume"":""12343.93559927"",""timestamp"":1495243296}",20170520102148
200,"{""last"":237300,""bid"":237294,""ask"":237297,""high"":238888,""low"":223778,""volume"":""12346.25412718"",""timestamp"":1495243312}",20170520102158
201,"{""last"":237643,""bid"":237295,""ask"":237643,""high"":238888,""low"":223778,""volume"":""12348.3677256"",""timestamp"":1495243316}",20170520102208
202,"{""last"":237298,""bid"":237294,""ask"":237298,""high"":238888,""low"":223778,""volume"":""12351.8471949"",""timestamp"":1495243325}",20170520102219
203,"{""last"":237299,""bid"":237295,""ask"":237298,""high"":238888,""low"":223778,""volume"":""12355.52432594"",""timestamp"":1495243334}",20170520102229
204,"{""last"":237300,""bid"":237295,""ask"":237300,""high"":238888,""low"":223778,""volume"":""12354.15899983"",""timestamp"":1495243345}",20170520102239
205,"{""last"":237300,""bid"":237295,""ask"":237300,""high"":238888,""low"":223778,""volume"":""12353.47163731"",""timestamp"":1495243354}",20170520102249
206,"{""last"":237295,""bid"":237295,""ask"":237298,""high"":238888,""low"":223778,""volume"":""12360.98562205"",""timestamp"":1495243364}",20170520102259
207,"{""last"":237294,""bid"":237294,""ask"":237297,""high"":238888,""low"":223778,""volume"":""12361.43009271"",""timestamp"":1495243376}",20170520102309
208,"{""last"":237294,""bid"":237294,""ask"":237297,""high"":238888,""low"":223778,""volume"":""12361.29263916"",""timestamp"":1495243383}",20170520102319
209,"{""last"":237297,""bid"":237294,""ask"":237297,""high"":238888,""low"":223778,""volume"":""12355.41313674"",""timestamp"":1495243395}",20170520102329
210,"{""last"":237297,""bid"":237294,""ask"":237298,""high"":238888,""low"":223778,""volume"":""12350.83903781"",""timestamp"":1495243405}",20170520102339
211,"{""last"":237849,""bid"":237298,""ask"":237705,""high"":238888,""low"":223778,""volume"":""12351.98903781"",""timestamp"":1495243415}",20170520102349
212,"{""last"":237425,""bid"":237428,""ask"":237824,""high"":238888,""low"":223778,""volume"":""12347.18903781"",""timestamp"":1495243424}",20170520102359
213,"{""last"":237430,""bid"":237431,""ask"":237822,""high"":238888,""low"":223778,""volume"":""12350.88947122"",""timestamp"":1495243433}",20170520102409
214,"{""last"":237431,""bid"":237431,""ask"":237787,""high"":238888,""low"":223778,""volume"":""12351.24697122"",""timestamp"":1495243444}",20170520102419
215,"{""last"":237500,""bid"":237500,""ask"":237815,""high"":238888,""low"":223778,""volume"":""12352.39492646"",""timestamp"":1495243454}",20170520102429
216,"{""last"":237500,""bid"":237504,""ask"":237802,""high"":238888,""low"":223778,""volume"":""12352.33492646"",""timestamp"":1495243464}",20170520102439
217,"{""last"":237506,""bid"":237506,""ask"":237794,""high"":238888,""low"":223778,""volume"":""12352.68978363"",""timestamp"":1495243474}",20170520102450
218,"{""last"":237501,""bid"":237500,""ask"":237786,""high"":238888,""low"":223778,""volume"":""12351.35209781"",""timestamp"":1495243484}",20170520102500
219,"{""last"":237451,""bid"":237450,""ask"":237492,""high"":238888,""low"":223778,""volume"":""12329.32058047"",""timestamp"":1495243495}",20170520102510
220,"{""last"":237479,""bid"":237319,""ask"":237482,""high"":238888,""low"":223778,""volume"":""12329.8457921"",""timestamp"":1495243505}",20170520102520
221,"{""last"":237444,""bid"":237316,""ask"":237442,""high"":238888,""low"":223778,""volume"":""12329.9001921"",""timestamp"":1495243515}",20170520102530
222,"{""last"":237424,""bid"":237295,""ask"":237419,""high"":238888,""low"":223778,""volume"":""12331.56852324"",""timestamp"":1495243528}",20170520102540
223,"{""last"":237438,""bid"":237419,""ask"":237438,""high"":238888,""low"":223778,""volume"":""12332.4294911"",""timestamp"":1495243536}",20170520102550
224,"{""last"":237438,""bid"":237438,""ask"":237450,""high"":238888,""low"":223778,""volume"":""12332.4729911"",""timestamp"":1495243546}",20170520102600
225,"{""last"":237150,""bid"":237150,""ask"":237502,""high"":238888,""low"":223778,""volume"":""12333.0682711"",""timestamp"":1495243555}",20170520102610
226,"{""last"":237604,""bid"":237606,""ask"":237844,""high"":238888,""low"":223778,""volume"":""12334.82665439"",""timestamp"":1495243615}",20170520102620
227,"{""last"":237834,""bid"":237619,""ask"":237829,""high"":238888,""low"":223778,""volume"":""12335.11915439"",""timestamp"":1495243627}",20170520102717
228,"{""last"":237458,""bid"":237458,""ask"":237836,""high"":238888,""low"":223778,""volume"":""12335.98899613"",""timestamp"":1495243635}",20170520102727
229,"{""last"":237700,""bid"":237457,""ask"":237812,""high"":238888,""low"":223778,""volume"":""12336.42118953"",""timestamp"":1495243645}",20170520102737
230,"{""last"":237455,""bid"":237455,""ask"":237838,""high"":238888,""low"":223778,""volume"":""12338.22056107"",""timestamp"":1495243654}",20170520102747
231,"{""last"":237155,""bid"":237360,""ask"":237454,""high"":238888,""low"":223778,""volume"":""12338.53626107"",""timestamp"":1495243664}",20170520102758
232,"{""last"":237444,""bid"":237166,""ask"":237444,""high"":238888,""low"":223778,""volume"":""12336.88000619"",""timestamp"":1495243675}",20170520102808
233,"{""last"":237458,""bid"":237459,""ask"":237846,""high"":238888,""low"":223778,""volume"":""12341.92306435"",""timestamp"":1495243684}",20170520102818
234,"{""last"":237489,""bid"":237489,""ask"":237842,""high"":238888,""low"":223778,""volume"":""12339.91632523"",""timestamp"":1495243695}",20170520102828
235,"{""last"":237550,""bid"":237550,""ask"":237908,""high"":238888,""low"":223778,""volume"":""12340.89064945"",""timestamp"":1495243706}",20170520102838
236,"{""last"":237555,""bid"":237555,""ask"":237914,""high"":238888,""low"":223778,""volume"":""12341.7156083"",""timestamp"":1495243715}",20170520102848
237,"{""last"":237558,""bid"":237558,""ask"":237856,""high"":238888,""low"":223778,""volume"":""12341.5906083"",""timestamp"":1495243724}",20170520102858
238,"{""last"":237559,""bid"":237562,""ask"":237916,""high"":238888,""low"":223778,""volume"":""12342.15956468"",""timestamp"":1495243735}",20170520102908
239,"{""last"":237565,""bid"":237566,""ask"":237954,""high"":238888,""low"":223778,""volume"":""12341.60386054"",""timestamp"":1495243745}",20170520102918
240,"{""last"":237869,""bid"":237571,""ask"":237880,""high"":238888,""low"":223778,""volume"":""12340.53879459"",""timestamp"":1495243754}",20170520102928
241,"{""last"":237570,""bid"":237576,""ask"":237914,""high"":238888,""low"":223778,""volume"":""12340.33349459"",""timestamp"":1495243765}",20170520102938
242,"{""last"":237576,""bid"":237578,""ask"":237896,""high"":238888,""low"":223778,""volume"":""12336.14401096"",""timestamp"":1495243774}",20170520102949
243,"{""last"":237579,""bid"":237579,""ask"":237875,""high"":238888,""low"":223778,""volume"":""12336.58461096"",""timestamp"":1495243786}",20170520102959
244,"{""last"":237579,""bid"":237580,""ask"":237859,""high"":238888,""low"":223778,""volume"":""12337.64461096"",""timestamp"":1495243794}",20170520103009
245,"{""last"":237579,""bid"":237582,""ask"":237837,""high"":238888,""low"":223778,""volume"":""12325.09137096"",""timestamp"":1495243808}",20170520103019
246,"{""last"":237579,""bid"":237579,""ask"":237805,""high"":238888,""low"":223778,""volume"":""12323.12037096"",""timestamp"":1495243819}",20170520103029
247,"{""last"":237796,""bid"":237580,""ask"":237788,""high"":238888,""low"":223778,""volume"":""12323.08983574"",""timestamp"":1495243830}",20170520103039
248,"{""last"":237579,""bid"":237582,""ask"":237776,""high"":238888,""low"":223778,""volume"":""12321.45739777"",""timestamp"":1495243838}",20170520103049
249,"{""last"":237579,""bid"":237579,""ask"":237762,""high"":238888,""low"":223778,""volume"":""12316.52893856"",""timestamp"":1495243849}",20170520103059
250,"{""last"":237579,""bid"":237579,""ask"":237747,""high"":238888,""low"":223778,""volume"":""12316.67893856"",""timestamp"":1495243859}",20170520103109
251,"{""last"":237747,""bid"":237580,""ask"":237743,""high"":238888,""low"":223778,""volume"":""12316.69381856"",""timestamp"":1495243863}",20170520103119
252,"{""last"":237165,""bid"":237165,""ask"":237471,""high"":238888,""low"":223778,""volume"":""12316.1643005"",""timestamp"":1495244137}",20170520103129
253,"{""last"":237757,""bid"":237476,""ask"":237757,""high"":238888,""low"":223778,""volume"":""12312.92332378"",""timestamp"":1495244195}",20170520103554
254,"{""last"":237485,""bid"":237498,""ask"":237757,""high"":238888,""low"":223778,""volume"":""12311.35274881"",""timestamp"":1495244205}",20170520103651
255,"{""last"":237485,""bid"":237498,""ask"":237757,""high"":238888,""low"":223778,""volume"":""12311.35274881"",""timestamp"":1495244205}",20170520103702
256,"{""last"":237601,""bid"":237645,""ask"":238000,""high"":238888,""low"":223778,""volume"":""12315.10277635"",""timestamp"":1495244223}",20170520103712
257,"{""last"":237601,""bid"":237645,""ask"":238000,""high"":238888,""low"":223778,""volume"":""12315.10277635"",""timestamp"":1495244223}",20170520103722
258,"{""last"":237686,""bid"":237688,""ask"":238010,""high"":238888,""low"":223778,""volume"":""12314.96637871"",""timestamp"":1495244244}",20170520103732
259,"{""last"":237686,""bid"":237707,""ask"":238042,""high"":238888,""low"":223778,""volume"":""12310.91637871"",""timestamp"":1495244254}",20170520103742
260,"{""last"":237723,""bid"":237723,""ask"":238042,""high"":238888,""low"":223778,""volume"":""12311.37956871"",""timestamp"":1495244264}",20170520103752
261,"{""last"":238057,""bid"":237744,""ask"":238080,""high"":238888,""low"":223778,""volume"":""12309.76802585"",""timestamp"":1495244274}",20170520103802
262,"{""last"":237902,""bid"":237902,""ask"":237908,""high"":238888,""low"":223778,""volume"":""12317.66305609"",""timestamp"":1495244284}",20170520103812
263,"{""last"":237902,""bid"":237902,""ask"":237908,""high"":238888,""low"":223778,""volume"":""12317.66305609"",""timestamp"":1495244284}",20170520103822
264,"{""last"":238338,""bid"":237919,""ask"":238329,""high"":238888,""low"":223778,""volume"":""12319.29832873"",""timestamp"":1495244304}",20170520103832
265,"{""last"":238316,""bid"":238015,""ask"":238311,""high"":238888,""low"":223778,""volume"":""12318.59548293"",""timestamp"":1495244316}",20170520103842
266,"{""last"":238300,""bid"":238024,""ask"":238299,""high"":238888,""low"":223778,""volume"":""12319.25208293"",""timestamp"":1495244324}",20170520103852
267,"{""last"":238029,""bid"":238030,""ask"":238279,""high"":238888,""low"":223778,""volume"":""12321.04113293"",""timestamp"":1495244336}",20170520103903
268,"{""last"":238039,""bid"":238040,""ask"":238266,""high"":238888,""low"":223778,""volume"":""12325.44179794"",""timestamp"":1495244344}",20170520103913
269,"{""last"":238266,""bid"":238057,""ask"":238249,""high"":238888,""low"":223778,""volume"":""12326.72628868"",""timestamp"":1495244355}",20170520103923
270,"{""last"":238322,""bid"":238113,""ask"":238322,""high"":238888,""low"":223778,""volume"":""12327.92596868"",""timestamp"":1495244364}",20170520103933
271,"{""last"":238469,""bid"":238217,""ask"":238497,""high"":238888,""low"":223778,""volume"":""12329.18085367"",""timestamp"":1495244375}",20170520103943
272,"{""last"":238303,""bid"":238309,""ask"":238554,""high"":238888,""low"":223778,""volume"":""12353.51124632"",""timestamp"":1495244384}",20170520103953
273,"{""last"":238554,""bid"":238331,""ask"":238553,""high"":238888,""low"":223778,""volume"":""12351.25502715"",""timestamp"":1495244394}",20170520104003
274,"{""last"":238400,""bid"":238206,""ask"":238544,""high"":238888,""low"":223778,""volume"":""12360.9041826"",""timestamp"":1495244406}",20170520104013
275,"{""last"":238400,""bid"":238206,""ask"":238544,""high"":238888,""low"":223778,""volume"":""12360.9041826"",""timestamp"":1495244406}",20170520104023
276,"{""last"":238259,""bid"":238260,""ask"":238526,""high"":238888,""low"":223778,""volume"":""12362.13152161"",""timestamp"":1495244427}",20170520104033
277,"{""last"":238260,""bid"":238260,""ask"":238512,""high"":238888,""low"":223778,""volume"":""12362.03402161"",""timestamp"":1495244437}",20170520104043
278,"{""last"":238260,""bid"":238260,""ask"":238501,""high"":238888,""low"":223778,""volume"":""12361.88652161"",""timestamp"":1495244447}",20170520104053
279,"{""last"":238260,""bid"":238260,""ask"":238501,""high"":238888,""low"":223778,""volume"":""12361.88652161"",""timestamp"":1495244447}",20170520104103
280,"{""last"":238259,""bid"":238259,""ask"":238479,""high"":238888,""low"":223778,""volume"":""12362.56210261"",""timestamp"":1495244464}",20170520104113
281,"{""last"":238259,""bid"":238259,""ask"":238479,""high"":238888,""low"":223778,""volume"":""12362.56210261"",""timestamp"":1495244464}",20170520104124
282,"{""last"":238425,""bid"":238230,""ask"":238422,""high"":238888,""low"":223778,""volume"":""12366.41044261"",""timestamp"":1495244485}",20170520104134
283,"{""last"":238425,""bid"":238232,""ask"":238419,""high"":238888,""low"":223778,""volume"":""12365.20754261"",""timestamp"":1495244495}",20170520104144
284,"{""last"":238231,""bid"":238231,""ask"":238415,""high"":238888,""low"":223778,""volume"":""12365.32107261"",""timestamp"":1495244504}",20170520104154
285,"{""last"":238231,""bid"":238238,""ask"":238409,""high"":238888,""low"":223778,""volume"":""12365.38997261"",""timestamp"":1495244514}",20170520104204
286,"{""last"":238243,""bid"":238246,""ask"":238403,""high"":238888,""low"":223778,""volume"":""12365.77002261"",""timestamp"":1495244525}",20170520104214
287,"{""last"":238252,""bid"":238255,""ask"":238391,""high"":238888,""low"":223778,""volume"":""12367.55162261"",""timestamp"":1495244535}",20170520104224
288,"{""last"":238258,""bid"":238258,""ask"":238373,""high"":238888,""low"":223778,""volume"":""12356.20062261"",""timestamp"":1495244544}",20170520104234
289,"{""last"":238234,""bid"":238235,""ask"":238254,""high"":238888,""low"":223778,""volume"":""12358.06852261"",""timestamp"":1495244555}",20170520104244
290,"{""last"":238251,""bid"":238241,""ask"":238251,""high"":238888,""low"":223778,""volume"":""12348.74002708"",""timestamp"":1495244565}",20170520104254
291,"{""last"":238381,""bid"":238381,""ask"":238420,""high"":238888,""low"":223778,""volume"":""12349.18329854"",""timestamp"":1495244575}",20170520104304
292,"{""last"":238381,""bid"":238231,""ask"":238418,""high"":238888,""low"":223778,""volume"":""12348.26009854"",""timestamp"":1495244584}",20170520104314
293,"{""last"":238381,""bid"":238231,""ask"":238416,""high"":238888,""low"":223778,""volume"":""12347.98451745"",""timestamp"":1495244595}",20170520104324
294,"{""last"":238295,""bid"":238296,""ask"":238399,""high"":238888,""low"":223778,""volume"":""12339.47107017"",""timestamp"":1495244654}",20170520104334
295,"{""last"":238295,""bid"":238299,""ask"":238391,""high"":238888,""low"":223778,""volume"":""12343.51148332"",""timestamp"":1495244664}",20170520104432
296,"{""last"":238235,""bid"":238233,""ask"":238387,""high"":238888,""low"":223778,""volume"":""12343.7909492"",""timestamp"":1495244674}",20170520104442
297,"{""last"":238383,""bid"":238233,""ask"":238384,""high"":238888,""low"":223778,""volume"":""12343.37595409"",""timestamp"":1495244685}",20170520104452
298,"{""last"":238383,""bid"":238233,""ask"":238384,""high"":238888,""low"":223778,""volume"":""12343.37595409"",""timestamp"":1495244685}",20170520104502
299,"{""last"":238235,""bid"":238235,""ask"":238372,""high"":238888,""low"":223778,""volume"":""12343.40340409"",""timestamp"":1495244696}",20170520104512
300,"{""last"":238364,""bid"":238237,""ask"":238362,""high"":238888,""low"":223778,""volume"":""12343.37554409"",""timestamp"":1495244707}",20170520104522
301,"{""last"":238233,""bid"":238235,""ask"":238352,""high"":238888,""low"":223778,""volume"":""12343.94958511"",""timestamp"":1495244716}",20170520104532
302,"{""last"":238352,""bid"":238241,""ask"":238347,""high"":238888,""low"":223778,""volume"":""12343.9176384"",""timestamp"":1495244727}",20170520104542
303,"{""last"":238352,""bid"":238234,""ask"":238338,""high"":238888,""low"":223778,""volume"":""12343.9176384"",""timestamp"":1495244737}",20170520104552
304,"{""last"":238352,""bid"":238234,""ask"":238331,""high"":238888,""low"":223778,""volume"":""12343.22760036"",""timestamp"":1495244747}",20170520104602
305,"{""last"":238328,""bid"":238242,""ask"":238327,""high"":238888,""low"":223778,""volume"":""12343.42933605"",""timestamp"":1495244764}",20170520104612
306,"{""last"":238328,""bid"":238242,""ask"":238327,""high"":238888,""low"":223778,""volume"":""12343.42933605"",""timestamp"":1495244764}",20170520104622
307,"{""last"":238316,""bid"":238244,""ask"":238316,""high"":238888,""low"":223778,""volume"":""12343.59195605"",""timestamp"":1495244784}",20170520104632
308,"{""last"":238315,""bid"":238251,""ask"":238316,""high"":238888,""low"":223778,""volume"":""12343.64195605"",""timestamp"":1495244794}",20170520104642
309,"{""last"":238317,""bid"":238258,""ask"":238319,""high"":238888,""low"":223778,""volume"":""12343.88735993"",""timestamp"":1495244803}",20170520104652
310,"{""last"":238273,""bid"":238274,""ask"":238416,""high"":238888,""low"":223778,""volume"":""12346.64735993"",""timestamp"":1495244814}",20170520104703
311,"{""last"":238500,""bid"":238446,""ask"":238500,""high"":238888,""low"":223778,""volume"":""12347.52945993"",""timestamp"":1495244824}",20170520104713
312,"{""last"":238500,""bid"":238446,""ask"":238500,""high"":238888,""low"":223778,""volume"":""12347.52945993"",""timestamp"":1495244824}",20170520104723
313,"{""last"":238549,""bid"":238456,""ask"":238548,""high"":238888,""low"":223778,""volume"":""12361.00975098"",""timestamp"":1495244844}",20170520104733
314,"{""last"":238456,""bid"":238457,""ask"":238550,""high"":238888,""low"":223778,""volume"":""12363.77398738"",""timestamp"":1495244856}",20170520104743
315,"{""last"":238545,""bid"":238457,""ask"":238542,""high"":238888,""low"":223778,""volume"":""12362.91304738"",""timestamp"":1495244865}",20170520104753
316,"{""last"":238553,""bid"":238500,""ask"":238553,""high"":238888,""low"":223778,""volume"":""12365.15287738"",""timestamp"":1495244877}",20170520104803
317,"{""last"":238554,""bid"":238511,""ask"":238554,""high"":238888,""low"":223778,""volume"":""12366.42987738"",""timestamp"":1495244884}",20170520104813
318,"{""last"":238554,""bid"":238500,""ask"":238554,""high"":238888,""low"":223778,""volume"":""12368.60356507"",""timestamp"":1495244896}",20170520104823
319,"{""last"":238728,""bid"":238530,""ask"":238554,""high"":238888,""low"":223778,""volume"":""12376.85010507"",""timestamp"":1495244904}",20170520104833
320,"{""last"":238728,""bid"":238544,""ask"":238725,""high"":238888,""low"":223778,""volume"":""12376.35960507"",""timestamp"":1495244915}",20170520104843
321,"{""last"":238557,""bid"":238539,""ask"":238719,""high"":238888,""low"":223778,""volume"":""12374.97328474"",""timestamp"":1495244925}",20170520104853
322,"{""last"":238557,""bid"":238556,""ask"":238716,""high"":238888,""low"":223778,""volume"":""12370.41878474"",""timestamp"":1495244935}",20170520104903
323,"{""last"":238716,""bid"":238580,""ask"":238716,""high"":238888,""low"":223778,""volume"":""12369.02526377"",""timestamp"":1495244944}",20170520104913
324,"{""last"":238717,""bid"":238586,""ask"":238717,""high"":238888,""low"":223778,""volume"":""12367.20053351"",""timestamp"":1495244954}",20170520104924
325,"{""last"":238865,""bid"":238866,""ask"":238900,""high"":238888,""low"":223778,""volume"":""12369.05972951"",""timestamp"":1495244963}",20170520104934
326,"{""last"":239000,""bid"":238884,""ask"":239000,""high"":239000,""low"":223778,""volume"":""12370.01863951"",""timestamp"":1495244975}",20170520104944
327,"{""last"":239000,""bid"":238907,""ask"":239000,""high"":239000,""low"":223778,""volume"":""12369.70403951"",""timestamp"":1495244983}",20170520104954
328,"{""last"":238921,""bid"":238926,""ask"":239000,""high"":239000,""low"":223778,""volume"":""12368.33933951"",""timestamp"":1495244993}",20170520105004
329,"{""last"":238927,""bid"":238938,""ask"":238999,""high"":239000,""low"":223778,""volume"":""12368.93058697"",""timestamp"":1495245006}",20170520105014
330,"{""last"":238950,""bid"":238950,""ask"":239000,""high"":239000,""low"":223778,""volume"":""12372.413772"",""timestamp"":1495245016}",20170520105024
331,"{""last"":239000,""bid"":238957,""ask"":239000,""high"":239000,""low"":223778,""volume"":""12372.477172"",""timestamp"":1495245026}",20170520105034
332,"{""last"":239026,""bid"":239031,""ask"":239391,""high"":239026,""low"":223778,""volume"":""12372.95929083"",""timestamp"":1495245036}",20170520105044
333,"{""last"":239630,""bid"":239246,""ask"":239629,""high"":239639,""low"":223778,""volume"":""12374.7311736"",""timestamp"":1495245046}",20170520105054
334,"{""last"":239304,""bid"":239306,""ask"":239676,""high"":239639,""low"":223778,""volume"":""12381.06369661"",""timestamp"":1495245056}",20170520105104
335,"{""last"":239663,""bid"":239313,""ask"":239663,""high"":239672,""low"":223778,""volume"":""12381.00867657"",""timestamp"":1495245064}",20170520105114
336,"{""last"":239690,""bid"":239328,""ask"":239690,""high"":239690,""low"":223778,""volume"":""12388.96777943"",""timestamp"":1495245074}",20170520105124
337,"{""last"":239689,""bid"":239381,""ask"":239687,""high"":239690,""low"":223778,""volume"":""12388.49325841"",""timestamp"":1495245084}",20170520105135
338,"{""last"":239422,""bid"":239428,""ask"":239687,""high"":239690,""low"":223778,""volume"":""12389.26345847"",""timestamp"":1495245095}",20170520105145
339,"{""last"":239776,""bid"":239445,""ask"":239776,""high"":239776,""low"":223778,""volume"":""12391.90399847"",""timestamp"":1495245105}",20170520105155
340,"{""last"":239777,""bid"":239466,""ask"":239777,""high"":239777,""low"":223778,""volume"":""12392.79457847"",""timestamp"":1495245114}",20170520105205
341,"{""last"":239776,""bid"":239485,""ask"":239776,""high"":239777,""low"":223778,""volume"":""12390.8521497"",""timestamp"":1495245124}",20170520105215
342,"{""last"":239776,""bid"":239508,""ask"":239777,""high"":239777,""low"":223778,""volume"":""12390.1593497"",""timestamp"":1495245134}",20170520105225
343,"{""last"":239776,""bid"":239776,""ask"":239777,""high"":239777,""low"":223778,""volume"":""12393.29721248"",""timestamp"":1495245146}",20170520105235
344,"{""last"":239799,""bid"":239777,""ask"":239799,""high"":239799,""low"":223778,""volume"":""12393.40860248"",""timestamp"":1495245155}",20170520105245
345,"{""last"":239800,""bid"":239797,""ask"":239800,""high"":239800,""low"":223778,""volume"":""12396.24859232"",""timestamp"":1495245165}",20170520105255
346,"{""last"":239032,""bid"":239035,""ask"":239866,""high"":239887,""low"":223778,""volume"":""12402.53354097"",""timestamp"":1495245175}",20170520105305
347,"{""last"":239654,""bid"":239272,""ask"":239606,""high"":239887,""low"":223778,""volume"":""12404.44814097"",""timestamp"":1495245184}",20170520105315
348,"{""last"":239282,""bid"":239282,""ask"":239597,""high"":239887,""low"":223778,""volume"":""12405.50554113"",""timestamp"":1495245197}",20170520105325
349,"{""last"":239590,""bid"":239287,""ask"":239590,""high"":239887,""low"":223778,""volume"":""12405.86256459"",""timestamp"":1495245205}",20170520105335
350,"{""last"":239879,""bid"":239606,""ask"":239879,""high"":239887,""low"":223778,""volume"":""12407.95907811"",""timestamp"":1495245215}",20170520105346
351,"{""last"":239878,""bid"":239617,""ask"":239878,""high"":239887,""low"":223778,""volume"":""12407.93021971"",""timestamp"":1495245224}",20170520105356
352,"{""last"":239877,""bid"":239637,""ask"":239877,""high"":239887,""low"":223778,""volume"":""12408.55901971"",""timestamp"":1495245234}",20170520105406
353,"{""last"":239879,""bid"":239655,""ask"":239876,""high"":239887,""low"":223778,""volume"":""12410.32081971"",""timestamp"":1495245243}",20170520105416
354,"{""last"":239675,""bid"":239675,""ask"":239878,""high"":239887,""low"":223778,""volume"":""12411.08574079"",""timestamp"":1495245254}",20170520105426
355,"{""last"":239700,""bid"":239700,""ask"":239885,""high"":239887,""low"":223778,""volume"":""12406.15655321"",""timestamp"":1495245265}",20170520105436
356,"{""last"":239686,""bid"":239686,""ask"":239882,""high"":239887,""low"":223778,""volume"":""12405.02735321"",""timestamp"":1495245277}",20170520105446
357,"{""last"":239686,""bid"":239693,""ask"":239882,""high"":239887,""low"":223778,""volume"":""12405.00913321"",""timestamp"":1495245284}",20170520105456
358,"{""last"":239686,""bid"":239693,""ask"":239880,""high"":239887,""low"":223778,""volume"":""12404.90923321"",""timestamp"":1495245296}",20170520105506
359,"{""last"":239694,""bid"":239694,""ask"":239877,""high"":239887,""low"":223778,""volume"":""12405.27389415"",""timestamp"":1495245305}",20170520105516
360,"{""last"":239888,""bid"":239698,""ask"":239888,""high"":239888,""low"":223778,""volume"":""12404.61547884"",""timestamp"":1495245315}",20170520105526
361,"{""last"":239887,""bid"":239823,""ask"":239887,""high"":239888,""low"":223778,""volume"":""12403.61264268"",""timestamp"":1495245325}",20170520105536
362,"{""last"":239888,""bid"":239834,""ask"":239888,""high"":239888,""low"":223778,""volume"":""12403.16110239"",""timestamp"":1495245335}",20170520105547
363,"{""last"":239888,""bid"":239877,""ask"":239888,""high"":239888,""low"":223778,""volume"":""12406.24186785"",""timestamp"":1495245348}",20170520105557
364,"{""last"":239888,""bid"":239877,""ask"":239888,""high"":239888,""low"":223778,""volume"":""12405.72166785"",""timestamp"":1495245356}",20170520105607
365,"{""last"":239883,""bid"":239711,""ask"":239887,""high"":239888,""low"":223778,""volume"":""12407.53832879"",""timestamp"":1495245364}",20170520105617
366,"{""last"":239887,""bid"":239726,""ask"":239887,""high"":239888,""low"":223778,""volume"":""12407.80364109"",""timestamp"":1495245375}",20170520105627
367,"{""last"":239890,""bid"":239743,""ask"":239886,""high"":239890,""low"":223778,""volume"":""12406.43304109"",""timestamp"":1495245384}",20170520105637
368,"{""last"":239889,""bid"":239882,""ask"":239885,""high"":239890,""low"":223778,""volume"":""12402.89394175"",""timestamp"":1495245394}",20170520105647
369,"{""last"":239883,""bid"":239885,""ask"":239890,""high"":239890,""low"":223778,""volume"":""12403.89782175"",""timestamp"":1495245404}",20170520105657
370,"{""last"":239896,""bid"":239885,""ask"":239896,""high"":239896,""low"":223778,""volume"":""12395.83190348"",""timestamp"":1495245414}",20170520105707
371,"{""last"":239884,""bid"":239884,""ask"":239895,""high"":239896,""low"":223778,""volume"":""12397.11502148"",""timestamp"":1495245425}",20170520105717
372,"{""last"":241105,""bid"":240917,""ask"":241380,""high"":241999,""low"":223778,""volume"":""12487.93390793"",""timestamp"":1495245734}",20170520105728
